timeStamp,elapsed,label,responseCode,responseMessage,threadName,dataType,success,failureMessage,bytes,sentBytes,grpThreads,allThreads,URL,Latency,IdleTime,Connect
2023/03/09 18:19:33.949,1528,GET_openStartPage_/,200,OK,Thread Group 1-1,text,true,,3223,696,2,2,https://challenge.flood.io/,1524,0,1232
2023/03/09 18:19:36.032,239,POST_STEP2_/start,302,Found,Thread Group 1-1,text,true,,1131,1822,2,2,https://challenge.flood.io/start,239,0,0
2023/03/09 18:19:35.994,976,GET_openStartPage_/,200,OK,Thread Group 1-2,text,true,,3222,696,3,3,https://challenge.flood.io/,976,0,736
2023/03/09 18:19:36.980,231,POST_STEP2_/start,302,Found,Thread Group 1-2,text,true,,1131,1824,3,3,https://challenge.flood.io/start,231,0,0
2023/03/09 18:19:37.516,254,GET_STEP2_/step/2,200,OK,Thread Group 1-1,text,true,,2419,1451,3,3,https://challenge.flood.io/step/2,254,0,0
2023/03/09 18:19:37.774,238,POST_STEP3_/start,302,Found,Thread Group 1-1,text,true,,1131,1851,3,3,https://challenge.flood.io/start,238,0,0
2023/03/09 18:19:38.536,243,GET_STEP2_/step/2,200,OK,Thread Group 1-2,text,true,,2422,1451,4,4,https://challenge.flood.io/step/2,243,0,0
2023/03/09 18:19:37.910,1055,GET_openStartPage_/,200,OK,Thread Group 1-3,text,true,,3201,696,4,4,https://challenge.flood.io/,1055,0,811
2023/03/09 18:19:38.783,232,POST_STEP3_/start,302,Found,Thread Group 1-2,text,true,,1131,1853,4,4,https://challenge.flood.io/start,232,0,0
2023/03/09 18:19:38.968,253,POST_STEP2_/start,302,Found,Thread Group 1-3,text,true,,1131,1802,4,4,https://challenge.flood.io/start,253,0,0
2023/03/09 18:19:39.218,278,GET_STEP3_/step/3,200,OK,Thread Group 1-1,text,true,,3012,1457,4,4,https://challenge.flood.io/step/3,278,0,0
2023/03/09 18:19:39.571,434,POST_STEP4_/start,302,Found,Thread Group 1-1,text,true,,1131,2086,4,4,https://challenge.flood.io/start,434,0,0
2023/03/09 18:19:40.247,253,GET_STEP3_/step/3,200,OK,Thread Group 1-2,text,true,,3021,1457,4,4,https://challenge.flood.io/step/3,253,0,0
2023/03/09 18:19:40.388,240,GET_STEP2_/step/2,200,OK,Thread Group 1-3,text,true,,2417,1431,4,4,https://challenge.flood.io/step/2,240,0,0
2023/03/09 18:19:40.520,233,POST_STEP4_/start,302,Found,Thread Group 1-2,text,true,,1131,2088,5,5,https://challenge.flood.io/start,233,0,0
2023/03/09 18:19:40.630,231,POST_STEP3_/start,302,Found,Thread Group 1-3,text,true,,1131,1831,5,5,https://challenge.flood.io/start,231,0,0
2023/03/09 18:19:39.994,962,GET_openStartPage_/,200,OK,Thread Group 1-4,text,true,,3223,696,5,5,https://challenge.flood.io/,961,0,728
2023/03/09 18:19:40.959,233,POST_STEP2_/start,302,Found,Thread Group 1-4,text,true,,1131,1824,5,5,https://challenge.flood.io/start,233,0,0
2023/03/09 18:19:41.218,235,GET_STEP4_/step/4,200,OK,Thread Group 1-1,text,true,,2045,1537,5,5,https://challenge.flood.io/step/4,234,0,0
2023/03/09 18:19:41.455,237,POST_STEP5_/start,302,Found,Thread Group 1-1,text,true,,1131,2263,5,5,https://challenge.flood.io/start,237,0,0
2023/03/09 18:19:41.698,241,GET_STEP5_/step/5,200,OK,Thread Group 1-1,text,true,,2158,1537,5,5,https://challenge.flood.io/step/5,241,0,0
2023/03/09 18:19:42.034,235,GET_STEP4_/step/4,200,OK,Thread Group 1-2,text,true,,2052,1537,5,5,https://challenge.flood.io/step/4,234,0,0
2023/03/09 18:19:42.069,239,GET_STEP3_/step/3,200,OK,Thread Group 1-3,text,true,,3012,1437,5,5,https://challenge.flood.io/step/3,239,0,0
2023/03/09 18:19:42.272,239,POST_STEP5_/start,302,Found,Thread Group 1-2,text,true,,1131,2265,5,5,https://challenge.flood.io/start,238,0,0
2023/03/09 18:19:42.337,237,POST_STEP4_/start,302,Found,Thread Group 1-3,text,true,,1131,2066,5,5,https://challenge.flood.io/start,237,0,0
2023/03/09 18:19:42.405,237,GET_STEP2_/step/2,200,OK,Thread Group 1-4,text,true,,2417,1451,5,5,https://challenge.flood.io/step/2,237,0,0
2023/03/09 18:19:42.533,245,GET_STEP5_/step/5,200,OK,Thread Group 1-2,text,true,,2155,1537,5,5,https://challenge.flood.io/step/5,244,0,0
2023/03/09 18:19:41.927,937,GET_openStartPage_/,200,OK,Thread Group 1-5,text,true,,3226,696,5,5,https://challenge.flood.io/,936,0,696
2023/03/09 18:19:42.647,234,POST_STEP3_/start,302,Found,Thread Group 1-4,text,true,,1131,1853,5,5,https://challenge.flood.io/start,233,0,0
2023/03/09 18:19:42.870,268,POST_STEP2_/start,302,Found,Thread Group 1-5,text,true,,1131,1824,5,5,https://challenge.flood.io/start,268,0,0
2023/03/09 18:19:43.168,320,GET_STEP5_/code,200,OK,Thread Group 1-1,text,true,,1079,1367,5,5,https://challenge.flood.io/code,320,0,0
2023/03/09 18:19:43.533,261,POST_STEPDONE_/start,302,Found,Thread Group 1-1,text,true,,1131,1963,5,5,https://challenge.flood.io/start,261,0,0
2023/03/09 18:19:43.791,243,GET_STEP4_/step/4,200,OK,Thread Group 1-3,text,true,,2043,1517,5,5,https://challenge.flood.io/step/4,243,0,0
2023/03/09 18:19:44.021,239,GET_STEP5_/code,200,OK,Thread Group 1-2,text,true,,1079,1367,5,5,https://challenge.flood.io/code,239,0,0
2023/03/09 18:19:44.037,243,POST_STEP5_/start,302,Found,Thread Group 1-3,text,true,,1131,2243,5,5,https://challenge.flood.io/start,243,0,0
2023/03/09 18:19:44.075,266,GET_STEP3_/step/3,200,OK,Thread Group 1-4,text,true,,3019,1457,5,5,https://challenge.flood.io/step/3,266,0,0
2023/03/09 18:19:44.262,232,POST_STEPDONE_/start,302,Found,Thread Group 1-2,text,true,,1131,1965,5,5,https://challenge.flood.io/start,232,0,0
2023/03/09 18:19:44.283,239,GET_STEP5_/step/5,200,OK,Thread Group 1-3,text,true,,2153,1517,5,5,https://challenge.flood.io/step/5,239,0,0
2023/03/09 18:19:44.307,239,GET_STEP2_/step/2,200,OK,Thread Group 1-5,text,true,,2421,1451,5,5,https://challenge.flood.io/step/2,239,0,0
2023/03/09 18:19:44.361,230,POST_STEP4_/start,302,Found,Thread Group 1-4,text,true,,1131,2088,5,5,https://challenge.flood.io/start,230,0,0
2023/03/09 18:19:44.548,234,POST_STEP3_/start,302,Found,Thread Group 1-5,text,true,,1131,1853,5,5,https://challenge.flood.io/start,234,0,0
2023/03/09 18:19:44.966,234,GET_STEPDONE_/done,200,OK,Thread Group 1-1,text,true,,1960,1548,5,5,https://challenge.flood.io/done,234,0,0
2023/03/09 18:19:45.739,244,GET_STEPDONE_/done,200,OK,Thread Group 1-2,text,true,,1960,1548,5,5,https://challenge.flood.io/done,244,0,0
2023/03/09 18:19:45.791,235,GET_STEP5_/code,200,OK,Thread Group 1-3,text,true,,1079,1347,5,5,https://challenge.flood.io/code,235,0,0
2023/03/09 18:19:45.880,236,GET_STEP4_/step/4,200,OK,Thread Group 1-4,text,true,,2052,1537,5,5,https://challenge.flood.io/step/4,236,0,0
2023/03/09 18:19:45.949,244,GET_STEP3_/step/3,200,OK,Thread Group 1-5,text,true,,3006,1457,5,5,https://challenge.flood.io/step/3,243,0,0
2023/03/09 18:19:46.030,231,POST_STEPDONE_/start,302,Found,Thread Group 1-3,text,true,,1131,1943,5,5,https://challenge.flood.io/start,231,0,0
2023/03/09 18:19:46.119,232,POST_STEP5_/start,302,Found,Thread Group 1-4,text,true,,1131,2265,5,5,https://challenge.flood.io/start,232,0,0
2023/03/09 18:19:46.215,231,POST_STEP4_/start,302,Found,Thread Group 1-5,text,true,,1131,2088,5,5,https://challenge.flood.io/start,231,0,0
2023/03/09 18:19:46.353,239,GET_STEP5_/step/5,200,OK,Thread Group 1-4,text,true,,2156,1537,5,5,https://challenge.flood.io/step/5,238,0,0
2023/03/09 18:19:46.427,233,GET_openStartPage_/,200,OK,Thread Group 1-1,text,true,,3203,696,5,5,https://challenge.flood.io/,233,0,0
2023/03/09 18:19:46.664,234,POST_STEP2_/start,302,Found,Thread Group 1-1,text,true,,1131,1802,5,5,https://challenge.flood.io/start,233,0,0
2023/03/09 18:19:47.266,237,GET_openStartPage_/,200,OK,Thread Group 1-2,text,true,,3223,696,5,5,https://challenge.flood.io/,237,0,0
2023/03/09 18:19:47.409,240,GET_STEPDONE_/done,200,OK,Thread Group 1-3,text,true,,1960,1528,5,5,https://challenge.flood.io/done,240,0,0
2023/03/09 18:19:47.507,234,POST_STEP2_/start,302,Found,Thread Group 1-2,text,true,,1131,1826,5,5,https://challenge.flood.io/start,234,0,0
2023/03/09 18:19:47.676,250,GET_STEP4_/step/4,200,OK,Thread Group 1-5,text,true,,2047,1537,5,5,https://challenge.flood.io/step/4,250,0,0
2023/03/09 18:19:47.744,233,GET_STEP5_/code,200,OK,Thread Group 1-4,text,true,,1079,1367,5,5,https://challenge.flood.io/code,233,0,0
2023/03/09 18:19:47.930,235,POST_STEP5_/start,302,Found,Thread Group 1-5,text,true,,1131,2265,5,5,https://challenge.flood.io/start,235,0,0
2023/03/09 18:19:47.980,246,POST_STEPDONE_/start,302,Found,Thread Group 1-4,text,true,,1131,1965,5,5,https://challenge.flood.io/start,246,0,0
2023/03/09 18:19:48.055,245,GET_STEP2_/step/2,200,OK,Thread Group 1-1,text,true,,2420,1431,5,5,https://challenge.flood.io/step/2,245,0,0
2023/03/09 18:19:48.169,246,GET_STEP5_/step/5,200,OK,Thread Group 1-5,text,true,,2157,1537,5,5,https://challenge.flood.io/step/5,246,0,0
2023/03/09 18:19:48.303,233,POST_STEP3_/start,302,Found,Thread Group 1-1,text,true,,1131,1831,5,5,https://challenge.flood.io/start,233,0,0
2023/03/09 18:19:48.871,258,GET_openStartPage_/,200,OK,Thread Group 1-3,text,true,,3222,696,5,5,https://challenge.flood.io/,258,0,0
2023/03/09 18:19:48.941,240,GET_STEP2_/step/2,200,OK,Thread Group 1-2,text,true,,2423,1451,5,5,https://challenge.flood.io/step/2,240,0,0
2023/03/09 18:19:49.132,241,POST_STEP2_/start,302,Found,Thread Group 1-3,text,true,,1131,1826,5,5,https://challenge.flood.io/start,240,0,0
2023/03/09 18:19:49.183,233,POST_STEP3_/start,302,Found,Thread Group 1-2,text,true,,1131,1855,5,5,https://challenge.flood.io/start,233,0,0
2023/03/09 18:19:49.504,231,GET_STEPDONE_/done,200,OK,Thread Group 1-4,text,true,,1960,1548,5,5,https://challenge.flood.io/done,231,0,0
2023/03/09 18:19:49.581,238,GET_STEP5_/code,200,OK,Thread Group 1-5,text,true,,1079,1367,5,5,https://challenge.flood.io/code,237,0,0
2023/03/09 18:19:49.771,258,GET_STEP3_/step/3,200,OK,Thread Group 1-1,text,true,,3036,1437,5,5,https://challenge.flood.io/step/3,258,0,0
2023/03/09 18:19:49.822,232,POST_STEPDONE_/start,302,Found,Thread Group 1-5,text,true,,1131,1965,5,5,https://challenge.flood.io/start,232,0,0
2023/03/09 18:19:50.050,299,POST_STEP4_/start,302,Found,Thread Group 1-1,text,true,,1131,2066,5,5,https://challenge.flood.io/start,299,0,0
2023/03/09 18:19:50.571,258,GET_STEP3_/step/3,200,OK,Thread Group 1-2,text,true,,3026,1457,5,5,https://challenge.flood.io/step/3,257,0,0
2023/03/09 18:19:50.617,244,GET_STEP2_/step/2,200,OK,Thread Group 1-3,text,true,,2415,1451,5,5,https://challenge.flood.io/step/2,244,0,0
2023/03/09 18:19:50.847,232,POST_STEP4_/start,302,Found,Thread Group 1-2,text,true,,1131,2090,5,5,https://challenge.flood.io/start,232,0,0
2023/03/09 18:19:50.862,237,POST_STEP3_/start,302,Found,Thread Group 1-3,text,true,,1131,1855,5,5,https://challenge.flood.io/start,237,0,0
2023/03/09 18:19:50.906,232,GET_openStartPage_/,200,OK,Thread Group 1-4,text,true,,3224,696,5,5,https://challenge.flood.io/,232,0,0
2023/03/09 18:19:51.142,231,POST_STEP2_/start,302,Found,Thread Group 1-4,text,true,,1131,1824,5,5,https://challenge.flood.io/start,231,0,0
2023/03/09 18:19:51.196,235,GET_STEPDONE_/done,200,OK,Thread Group 1-5,text,true,,1960,1548,5,5,https://challenge.flood.io/done,234,0,0
2023/03/09 18:19:51.576,315,GET_STEP4_/step/4,200,OK,Thread Group 1-1,text,true,,2041,1517,5,5,https://challenge.flood.io/step/4,315,0,0
2023/03/09 18:19:51.893,300,POST_STEP5_/start,302,Found,Thread Group 1-1,text,true,,1131,2243,5,5,https://challenge.flood.io/start,300,0,0
2023/03/09 18:19:52.197,248,GET_STEP5_/step/5,200,OK,Thread Group 1-1,text,true,,2155,1517,5,5,https://challenge.flood.io/step/5,248,0,0
2023/03/09 18:19:52.316,264,GET_STEP3_/step/3,200,OK,Thread Group 1-3,text,true,,3028,1457,5,5,https://challenge.flood.io/step/3,264,0,0
2023/03/09 18:19:52.423,240,GET_STEP4_/step/4,200,OK,Thread Group 1-2,text,true,,2044,1537,5,5,https://challenge.flood.io/step/4,239,0,0
2023/03/09 18:19:52.566,240,GET_STEP2_/step/2,200,OK,Thread Group 1-4,text,true,,2416,1451,5,5,https://challenge.flood.io/step/2,239,0,0
2023/03/09 18:19:52.599,232,POST_STEP4_/start,302,Found,Thread Group 1-3,text,true,,1131,2090,5,5,https://challenge.flood.io/start,232,0,0
2023/03/09 18:19:52.666,243,POST_STEP5_/start,302,Found,Thread Group 1-2,text,true,,1131,2267,5,5,https://challenge.flood.io/start,243,0,0
2023/03/09 18:19:52.685,232,GET_openStartPage_/,200,OK,Thread Group 1-5,text,true,,3219,696,5,5,https://challenge.flood.io/,232,0,0
2023/03/09 18:19:52.808,230,POST_STEP3_/start,302,Found,Thread Group 1-4,text,true,,1131,1853,5,5,https://challenge.flood.io/start,230,0,0
2023/03/09 18:19:52.912,234,GET_STEP5_/step/5,200,OK,Thread Group 1-2,text,true,,2158,1537,5,5,https://challenge.flood.io/step/5,234,0,0
2023/03/09 18:19:52.920,235,POST_STEP2_/start,302,Found,Thread Group 1-5,text,true,,1131,1824,5,5,https://challenge.flood.io/start,234,0,0
2023/03/09 18:19:53.661,277,GET_STEP5_/code,200,OK,Thread Group 1-1,text,true,,1079,1347,5,5,https://challenge.flood.io/code,277,0,0
2023/03/09 18:19:53.942,237,POST_STEPDONE_/start,302,Found,Thread Group 1-1,text,true,,1131,1943,5,5,https://challenge.flood.io/start,237,0,0
2023/03/09 18:19:54.039,237,GET_STEP4_/step/4,200,OK,Thread Group 1-3,text,true,,2033,1537,5,5,https://challenge.flood.io/step/4,237,0,0
2023/03/09 18:19:54.250,243,GET_STEP3_/step/3,200,OK,Thread Group 1-4,text,true,,3033,1457,5,5,https://challenge.flood.io/step/3,242,0,0
2023/03/09 18:19:54.279,230,POST_STEP5_/start,302,Found,Thread Group 1-3,text,true,,1131,2267,5,5,https://challenge.flood.io/start,230,0,0
2023/03/09 18:19:54.360,233,GET_STEP5_/code,200,OK,Thread Group 1-2,text,true,,1079,1367,5,5,https://challenge.flood.io/code,233,0,0
2023/03/09 18:19:54.441,243,GET_STEP2_/step/2,200,OK,Thread Group 1-5,text,true,,2418,1451,5,5,https://challenge.flood.io/step/2,243,0,0
2023/03/09 18:19:54.510,234,POST_STEP4_/start,302,Found,Thread Group 1-4,text,true,,1131,2088,5,5,https://challenge.flood.io/start,234,0,0
2023/03/09 18:19:54.511,243,GET_STEP5_/step/5,200,OK,Thread Group 1-3,text,true,,2156,1537,5,5,https://challenge.flood.io/step/5,243,0,0
2023/03/09 18:19:54.594,232,POST_STEPDONE_/start,302,Found,Thread Group 1-2,text,true,,1131,1967,5,5,https://challenge.flood.io/start,232,0,0
2023/03/09 18:19:54.687,233,POST_STEP3_/start,302,Found,Thread Group 1-5,text,true,,1131,1853,5,5,https://challenge.flood.io/start,233,0,0
2023/03/09 18:19:55.217,267,GET_STEPDONE_/done,200,OK,Thread Group 1-1,text,true,,1960,1528,5,5,https://challenge.flood.io/done,267,0,0
2023/03/09 18:19:55.955,246,GET_STEP4_/step/4,200,OK,Thread Group 1-4,text,true,,2052,1537,5,5,https://challenge.flood.io/step/4,246,0,0
2023/03/09 18:19:55.976,236,GET_STEP5_/code,200,OK,Thread Group 1-3,text,true,,1079,1367,5,5,https://challenge.flood.io/code,236,0,0
2023/03/09 18:19:56.084,234,GET_STEPDONE_/done,200,OK,Thread Group 1-2,text,true,,1960,1548,5,5,https://challenge.flood.io/done,234,0,0
2023/03/09 18:19:56.214,231,POST_STEPDONE_/start,302,Found,Thread Group 1-3,text,true,,1131,1967,5,5,https://challenge.flood.io/start,231,0,0
2023/03/09 18:19:56.205,239,POST_STEP5_/start,302,Found,Thread Group 1-4,text,true,,1131,2265,5,5,https://challenge.flood.io/start,239,0,0
2023/03/09 18:19:56.196,245,GET_STEP3_/step/3,200,OK,Thread Group 1-5,text,true,,3027,1457,5,5,https://challenge.flood.io/step/3,245,0,0
2023/03/09 18:19:56.448,236,GET_STEP5_/step/5,200,OK,Thread Group 1-4,text,true,,2153,1537,5,5,https://challenge.flood.io/step/5,236,0,0
2023/03/09 18:19:56.459,234,POST_STEP4_/start,302,Found,Thread Group 1-5,text,true,,1131,2088,5,5,https://challenge.flood.io/start,234,0,0
2023/03/09 18:19:56.695,235,GET_openStartPage_/,200,OK,Thread Group 1-1,text,true,,3224,696,5,5,https://challenge.flood.io/,235,0,0
2023/03/09 18:19:56.933,232,POST_STEP2_/start,302,Found,Thread Group 1-1,text,true,,1131,1824,5,5,https://challenge.flood.io/start,232,0,0
2023/03/09 18:19:57.556,253,GET_openStartPage_/,200,OK,Thread Group 1-2,text,true,,3226,696,5,5,https://challenge.flood.io/,253,0,0
2023/03/09 18:19:57.631,235,GET_STEPDONE_/done,200,OK,Thread Group 1-3,text,true,,1960,1548,5,5,https://challenge.flood.io/done,235,0,0
2023/03/09 18:19:57.812,230,POST_STEP2_/start,302,Found,Thread Group 1-2,text,true,,1131,1824,5,5,https://challenge.flood.io/start,230,0,0
2023/03/09 18:19:57.893,239,GET_STEP4_/step/4,200,OK,Thread Group 1-5,text,true,,2039,1537,5,5,https://challenge.flood.io/step/4,239,0,0
2023/03/09 18:19:57.916,253,GET_STEP5_/code,200,OK,Thread Group 1-4,text,true,,1079,1367,5,5,https://challenge.flood.io/code,253,0,0
2023/03/09 18:19:58.134,237,POST_STEP5_/start,302,Found,Thread Group 1-5,text,true,,1131,2265,5,5,https://challenge.flood.io/start,236,0,0
2023/03/09 18:19:58.173,232,POST_STEPDONE_/start,302,Found,Thread Group 1-4,text,true,,1131,1965,5,5,https://challenge.flood.io/start,232,0,0
2023/03/09 18:19:58.335,235,GET_STEP2_/step/2,200,OK,Thread Group 1-1,text,true,,2419,1451,5,5,https://challenge.flood.io/step/2,235,0,0
2023/03/09 18:19:58.374,241,GET_STEP5_/step/5,200,OK,Thread Group 1-5,text,true,,2156,1537,5,5,https://challenge.flood.io/step/5,241,0,0
2023/03/09 18:19:58.572,235,POST_STEP3_/start,302,Found,Thread Group 1-1,text,true,,1131,1853,5,5,https://challenge.flood.io/start,235,0,0
2023/03/09 18:19:59.075,242,GET_openStartPage_/,200,OK,Thread Group 1-3,text,true,,3224,696,5,5,https://challenge.flood.io/,242,0,0
2023/03/09 18:19:59.216,249,GET_STEP2_/step/2,200,OK,Thread Group 1-2,text,true,,2422,1451,5,5,https://challenge.flood.io/step/2,249,0,0
2023/03/09 18:19:59.320,233,POST_STEP2_/start,302,Found,Thread Group 1-3,text,true,,1131,1830,5,5,https://challenge.flood.io/start,233,0,0
2023/03/09 18:19:59.467,231,POST_STEP3_/start,302,Found,Thread Group 1-2,text,true,,1131,1853,5,5,https://challenge.flood.io/start,231,0,0
2023/03/09 18:19:59.534,235,GET_STEPDONE_/done,200,OK,Thread Group 1-4,text,true,,1960,1548,5,5,https://challenge.flood.io/done,234,0,0
2023/03/09 18:19:59.866,273,GET_STEP5_/code,200,OK,Thread Group 1-5,text,true,,1079,1367,5,5,https://challenge.flood.io/code,273,0,0
2023/03/09 18:20:00.004,238,GET_STEP3_/step/3,200,OK,Thread Group 1-1,text,true,,3036,1457,5,5,https://challenge.flood.io/step/3,238,0,0
2023/03/09 18:20:00.145,230,POST_STEPDONE_/start,302,Found,Thread Group 1-5,text,true,,1131,1965,5,5,https://challenge.flood.io/start,229,0,0
2023/03/09 18:20:00.259,234,POST_STEP4_/start,302,Found,Thread Group 1-1,text,true,,1131,2088,5,5,https://challenge.flood.io/start,234,0,0
2023/03/09 18:20:00.714,245,GET_STEP2_/step/2,200,OK,Thread Group 1-3,text,true,,2423,1451,5,5,https://challenge.flood.io/step/2,245,0,0
2023/03/09 18:20:00.962,231,POST_STEP3_/start,302,Found,Thread Group 1-3,text,true,,1131,1859,5,5,https://challenge.flood.io/start,231,0,0
2023/03/09 18:20:00.932,248,GET_STEP3_/step/3,200,OK,Thread Group 1-2,text,true,,3009,1457,5,5,https://challenge.flood.io/step/3,248,0,0
2023/03/09 18:20:00.989,235,GET_openStartPage_/,200,OK,Thread Group 1-4,text,true,,3218,696,5,5,https://challenge.flood.io/,235,0,0
2023/03/09 18:20:01.199,252,POST_STEP4_/start,302,Found,Thread Group 1-2,text,true,,1131,2088,5,5,https://challenge.flood.io/start,252,0,0
2023/03/09 18:20:01.225,244,POST_STEP2_/start,302,Found,Thread Group 1-4,text,true,,1131,1822,5,5,https://challenge.flood.io/start,244,0,0
2023/03/09 18:20:01.661,265,GET_STEPDONE_/done,200,OK,Thread Group 1-5,text,true,,1960,1548,5,5,https://challenge.flood.io/done,265,0,0
2023/03/09 18:20:01.670,264,GET_STEP4_/step/4,200,OK,Thread Group 1-1,text,true,,2046,1537,5,5,https://challenge.flood.io/step/4,264,0,0
2023/03/09 18:20:01.937,292,POST_STEP5_/start,302,Found,Thread Group 1-1,text,true,,1131,2265,5,5,https://challenge.flood.io/start,292,0,0
2023/03/09 18:20:02.232,285,GET_STEP5_/step/5,200,OK,Thread Group 1-1,text,true,,2158,1537,5,5,https://challenge.flood.io/step/5,285,0,0
2023/03/09 18:20:02.501,260,GET_STEP3_/step/3,200,OK,Thread Group 1-3,text,true,,3025,1457,5,5,https://challenge.flood.io/step/3,259,0,0
2023/03/09 18:20:02.543,243,GET_STEP2_/step/2,200,OK,Thread Group 1-4,text,true,,2415,1451,5,5,https://challenge.flood.io/step/2,243,0,0
2023/03/09 18:20:02.649,236,GET_STEP4_/step/4,200,OK,Thread Group 1-2,text,true,,2050,1537,5,5,https://challenge.flood.io/step/4,236,0,0
2023/03/09 18:20:02.777,230,POST_STEP4_/start,302,Found,Thread Group 1-3,text,true,,1131,2094,5,5,https://challenge.flood.io/start,230,0,0
2023/03/09 18:20:02.788,236,POST_STEP3_/start,302,Found,Thread Group 1-4,text,true,,1131,1851,5,5,https://challenge.flood.io/start,236,0,0
2023/03/09 18:20:02.888,234,POST_STEP5_/start,302,Found,Thread Group 1-2,text,true,,1131,2265,5,5,https://challenge.flood.io/start,234,0,0
2023/03/09 18:20:03.125,235,GET_STEP5_/step/5,200,OK,Thread Group 1-2,text,true,,2158,1537,5,5,https://challenge.flood.io/step/5,235,0,0
2023/03/09 18:20:03.164,236,GET_openStartPage_/,200,OK,Thread Group 1-5,text,true,,3224,696,5,5,https://challenge.flood.io/,236,0,0
2023/03/09 18:20:03.404,260,POST_STEP2_/start,302,Found,Thread Group 1-5,text,true,,1131,1826,5,5,https://challenge.flood.io/start,260,0,0
2023/03/09 18:20:03.773,241,GET_STEP5_/code,200,OK,Thread Group 1-1,text,true,,1079,1367,5,5,https://challenge.flood.io/code,241,0,0
2023/03/09 18:20:04.017,234,POST_STEPDONE_/start,302,Found,Thread Group 1-1,text,true,,1131,1965,5,5,https://challenge.flood.io/start,233,0,0
2023/03/09 18:20:04.188,239,GET_STEP4_/step/4,200,OK,Thread Group 1-3,text,true,,2049,1537,5,5,https://challenge.flood.io/step/4,238,0,0
2023/03/09 18:20:04.287,249,GET_STEP3_/step/3,200,OK,Thread Group 1-4,text,true,,3020,1457,5,5,https://challenge.flood.io/step/3,249,0,0
2023/03/09 18:20:04.429,232,POST_STEP5_/start,302,Found,Thread Group 1-3,text,true,,1131,2271,5,5,https://challenge.flood.io/start,232,0,0
2023/03/09 18:20:04.528,231,GET_STEP5_/code,200,OK,Thread Group 1-2,text,true,,1079,1367,5,5,https://challenge.flood.io/code,231,0,0
2023/03/09 18:20:04.553,235,POST_STEP4_/start,302,Found,Thread Group 1-4,text,true,,1131,2086,5,5,https://challenge.flood.io/start,235,0,0
2023/03/09 18:20:04.663,236,GET_STEP5_/step/5,200,OK,Thread Group 1-3,text,true,,2157,1537,5,5,https://challenge.flood.io/step/5,236,0,0
2023/03/09 18:20:04.760,234,POST_STEPDONE_/start,302,Found,Thread Group 1-2,text,true,,1131,1965,5,5,https://challenge.flood.io/start,234,0,0
2023/03/09 18:20:04.824,245,GET_STEP2_/step/2,200,OK,Thread Group 1-5,text,true,,2424,1451,5,5,https://challenge.flood.io/step/2,245,0,0
2023/03/09 18:20:05.071,322,POST_STEP3_/start,302,Found,Thread Group 1-5,text,true,,1131,1855,5,5,https://challenge.flood.io/start,322,0,0
2023/03/09 18:20:05.360,350,GET_STEPDONE_/done,200,OK,Thread Group 1-1,text,true,,1960,1548,5,5,https://challenge.flood.io/done,349,0,0
2023/03/09 18:20:05.883,235,GET_STEP4_/step/4,200,OK,Thread Group 1-4,text,true,,2049,1537,5,5,https://challenge.flood.io/step/4,235,0,0
2023/03/09 18:20:05.982,233,GET_STEP5_/code,200,OK,Thread Group 1-3,text,true,,1079,1367,5,5,https://challenge.flood.io/code,233,0,0
2023/03/09 18:20:06.117,237,GET_STEPDONE_/done,200,OK,Thread Group 1-2,text,true,,1960,1548,5,5,https://challenge.flood.io/done,237,0,0
2023/03/09 18:20:06.121,232,POST_STEP5_/start,302,Found,Thread Group 1-4,text,true,,1131,2263,5,5,https://challenge.flood.io/start,232,0,0
2023/03/09 18:20:06.217,235,POST_STEPDONE_/start,302,Found,Thread Group 1-3,text,true,,1131,1971,5,5,https://challenge.flood.io/start,234,0,0
2023/03/09 18:20:06.356,241,GET_STEP5_/step/5,200,OK,Thread Group 1-4,text,true,,2153,1537,5,5,https://challenge.flood.io/step/5,241,0,0
2023/03/09 18:20:06.585,252,GET_STEP3_/step/3,200,OK,Thread Group 1-5,text,true,,3027,1457,5,5,https://challenge.flood.io/step/3,252,0,0
2023/03/09 18:20:06.857,235,POST_STEP4_/start,302,Found,Thread Group 1-5,text,true,,1131,2090,5,5,https://challenge.flood.io/start,235,0,0
2023/03/09 18:20:06.971,239,GET_openStartPage_/,200,OK,Thread Group 1-1,text,true,,3220,696,5,5,https://challenge.flood.io/,239,0,0
2023/03/09 18:20:07.213,340,POST_STEP2_/start,302,Found,Thread Group 1-1,text,true,,1131,1822,5,5,https://challenge.flood.io/start,340,0,0
2023/03/09 18:20:07.575,237,GET_openStartPage_/,200,OK,Thread Group 1-2,text,true,,3226,696,5,5,https://challenge.flood.io/,237,0,0
2023/03/09 18:20:07.761,232,GET_STEPDONE_/done,200,OK,Thread Group 1-3,text,true,,1960,1548,5,5,https://challenge.flood.io/done,232,0,0
2023/03/09 18:20:07.815,236,POST_STEP2_/start,302,Found,Thread Group 1-2,text,true,,1131,1824,5,5,https://challenge.flood.io/start,236,0,0
2023/03/09 18:20:07.832,237,GET_STEP5_/code,200,OK,Thread Group 1-4,text,true,,1079,1367,5,5,https://challenge.flood.io/code,237,0,0
2023/03/09 18:20:08.071,266,POST_STEPDONE_/start,302,Found,Thread Group 1-4,text,true,,1131,1963,5,5,https://challenge.flood.io/start,266,0,0
2023/03/09 18:20:08.325,253,GET_STEP4_/step/4,200,OK,Thread Group 1-5,text,true,,2051,1537,5,5,https://challenge.flood.io/step/4,253,0,0
2023/03/09 18:20:08.581,231,POST_STEP5_/start,302,Found,Thread Group 1-5,text,true,,1131,2267,5,5,https://challenge.flood.io/start,231,0,0
2023/03/09 18:20:08.750,244,GET_STEP2_/step/2,200,OK,Thread Group 1-1,text,true,,2418,1451,5,5,https://challenge.flood.io/step/2,243,0,0
2023/03/09 18:20:08.814,234,GET_STEP5_/step/5,200,OK,Thread Group 1-5,text,true,,2159,1537,5,5,https://challenge.flood.io/step/5,233,0,0
2023/03/09 18:20:08.997,236,POST_STEP3_/start,302,Found,Thread Group 1-1,text,true,,1131,1851,5,5,https://challenge.flood.io/start,235,0,0
2023/03/09 18:20:09.128,235,GET_openStartPage_/,200,OK,Thread Group 1-3,text,true,,3226,696,5,5,https://challenge.flood.io/,235,0,0
2023/03/09 18:20:09.266,244,GET_STEP2_/step/2,200,OK,Thread Group 1-2,text,true,,2422,1451,5,5,https://challenge.flood.io/step/2,244,0,0
2023/03/09 18:20:09.366,237,POST_STEP2_/start,302,Found,Thread Group 1-3,text,true,,1131,1826,5,5,https://challenge.flood.io/start,236,0,0
2023/03/09 18:20:09.513,261,POST_STEP3_/start,302,Found,Thread Group 1-2,text,true,,1131,1853,5,5,https://challenge.flood.io/start,261,0,0
2023/03/09 18:20:09.541,251,GET_STEPDONE_/done,200,OK,Thread Group 1-4,text,true,,1960,1548,5,5,https://challenge.flood.io/done,251,0,0
2023/03/09 18:20:10.168,259,GET_STEP5_/code,200,OK,Thread Group 1-5,text,true,,1079,1367,5,5,https://challenge.flood.io/code,258,0,0
2023/03/09 18:20:10.429,261,POST_STEPDONE_/start,302,Found,Thread Group 1-5,text,true,,1131,1967,5,5,https://challenge.flood.io/start,261,0,0
2023/03/09 18:20:10.414,283,GET_STEP3_/step/3,200,OK,Thread Group 1-1,text,true,,3018,1457,5,5,https://challenge.flood.io/step/3,282,0,0
2023/03/09 18:20:10.717,247,POST_STEP4_/start,302,Found,Thread Group 1-1,text,true,,1131,2086,5,5,https://challenge.flood.io/start,246,0,0
2023/03/09 18:20:10.774,249,GET_STEP2_/step/2,200,OK,Thread Group 1-3,text,true,,2421,1451,5,5,https://challenge.flood.io/step/2,248,0,0
2023/03/09 18:20:10.915,236,GET_openStartPage_/,200,OK,Thread Group 1-4,text,true,,3223,696,5,5,https://challenge.flood.io/,235,0,0
2023/03/09 18:20:10.933,273,GET_STEP3_/step/3,200,OK,Thread Group 1-2,text,true,,3017,1457,5,5,https://challenge.flood.io/step/3,272,0,0
2023/03/09 18:20:11.025,237,POST_STEP3_/start,302,Found,Thread Group 1-3,text,true,,1131,1855,5,5,https://challenge.flood.io/start,237,0,0
2023/03/09 18:20:11.154,228,POST_STEP2_/start,302,Found,Thread Group 1-4,text,true,,1131,1822,5,5,https://challenge.flood.io/start,228,0,0
2023/03/09 18:20:11.228,235,POST_STEP4_/start,302,Found,Thread Group 1-2,text,true,,1131,2088,5,5,https://challenge.flood.io/start,235,0,0
2023/03/09 18:20:11.749,241,GET_STEPDONE_/done,200,OK,Thread Group 1-5,text,true,,1960,1548,5,5,https://challenge.flood.io/done,240,0,0
2023/03/09 18:20:12.064,304,GET_STEP4_/step/4,200,OK,Thread Group 1-1,text,true,,2045,1537,5,5,https://challenge.flood.io/step/4,304,0,0
2023/03/09 18:20:12.371,230,POST_STEP5_/start,302,Found,Thread Group 1-1,text,true,,1131,2263,5,5,https://challenge.flood.io/start,230,0,0
2023/03/09 18:20:12.482,259,GET_STEP2_/step/2,200,OK,Thread Group 1-4,text,true,,2419,1451,5,5,https://challenge.flood.io/step/2,259,0,0
2023/03/09 18:20:12.513,242,GET_STEP3_/step/3,200,OK,Thread Group 1-3,text,true,,3008,1457,5,5,https://challenge.flood.io/step/3,242,0,0
2023/03/09 18:20:12.604,233,GET_STEP5_/step/5,200,OK,Thread Group 1-1,text,true,,2154,1537,5,5,https://challenge.flood.io/step/5,233,0,0
2023/03/09 18:20:12.626,237,GET_STEP4_/step/4,200,OK,Thread Group 1-2,text,true,,2042,1537,5,5,https://challenge.flood.io/step/4,237,0,0
2023/03/09 18:20:12.744,236,POST_STEP3_/start,302,Found,Thread Group 1-4,text,true,,1131,1851,5,5,https://challenge.flood.io/start,236,0,0
2023/03/09 18:20:12.770,240,POST_STEP4_/start,302,Found,Thread Group 1-3,text,true,,1131,2090,5,5,https://challenge.flood.io/start,239,0,0
2023/03/09 18:20:12.864,236,POST_STEP5_/start,302,Found,Thread Group 1-2,text,true,,1131,2265,5,5,https://challenge.flood.io/start,235,0,0
2023/03/09 18:20:13.102,236,GET_STEP5_/step/5,200,OK,Thread Group 1-2,text,true,,2156,1537,5,5,https://challenge.flood.io/step/5,236,0,0
2023/03/09 18:20:13.279,252,GET_openStartPage_/,200,OK,Thread Group 1-5,text,true,,3223,696,5,5,https://challenge.flood.io/,252,0,0
2023/03/09 18:20:13.534,372,POST_STEP2_/start,302,Found,Thread Group 1-5,text,true,,1131,1828,5,5,https://challenge.flood.io/start,372,0,0
2023/03/09 18:20:14.031,239,GET_STEP5_/code,200,OK,Thread Group 1-1,text,true,,1079,1367,5,5,https://challenge.flood.io/code,239,0,0
2023/03/09 18:20:14.169,234,GET_STEP4_/step/4,200,OK,Thread Group 1-3,text,true,,2048,1537,5,5,https://challenge.flood.io/step/4,233,0,0
2023/03/09 18:20:14.176,240,GET_STEP3_/step/3,200,OK,Thread Group 1-4,text,true,,3018,1457,5,5,https://challenge.flood.io/step/3,240,0,0
2023/03/09 18:20:14.272,246,POST_STEPDONE_/start,302,Found,Thread Group 1-1,text,true,,1131,1963,5,5,https://challenge.flood.io/start,245,0,0
2023/03/09 18:20:14.406,242,POST_STEP5_/start,302,Found,Thread Group 1-3,text,true,,1131,2267,5,5,https://challenge.flood.io/start,242,0,0
2023/03/09 18:20:14.427,233,POST_STEP4_/start,302,Found,Thread Group 1-4,text,true,,1131,2086,5,5,https://challenge.flood.io/start,233,0,0
2023/03/09 18:20:14.560,236,GET_STEP5_/code,200,OK,Thread Group 1-2,text,true,,1079,1367,5,5,https://challenge.flood.io/code,236,0,0
2023/03/09 18:20:14.652,237,GET_STEP5_/step/5,200,OK,Thread Group 1-3,text,true,,2159,1537,5,5,https://challenge.flood.io/step/5,237,0,0
2023/03/09 18:20:14.799,232,POST_STEPDONE_/start,302,Found,Thread Group 1-2,text,true,,1131,1965,5,5,https://challenge.flood.io/start,232,0,0
2023/03/09 18:20:15.063,272,GET_STEP2_/step/2,200,OK,Thread Group 1-5,text,true,,2418,1451,5,5,https://challenge.flood.io/step/2,272,0,0
2023/03/09 18:20:15.338,311,POST_STEP3_/start,302,Found,Thread Group 1-5,text,true,,1131,1857,5,5,https://challenge.flood.io/start,311,0,0
2023/03/09 18:20:15.769,236,GET_STEPDONE_/done,200,OK,Thread Group 1-1,text,true,,1960,1548,5,5,https://challenge.flood.io/done,236,0,0
2023/03/09 18:20:15.972,240,GET_STEP4_/step/4,200,OK,Thread Group 1-4,text,true,,2042,1537,5,5,https://challenge.flood.io/step/4,240,0,0
2023/03/09 18:20:16.188,235,GET_STEP5_/code,200,OK,Thread Group 1-3,text,true,,1079,1367,5,5,https://challenge.flood.io/code,235,0,0
2023/03/09 18:20:16.214,239,POST_STEP5_/start,302,Found,Thread Group 1-4,text,true,,1131,2263,5,5,https://challenge.flood.io/start,239,0,0
2023/03/09 18:20:16.385,236,GET_STEPDONE_/done,200,OK,Thread Group 1-2,text,true,,1960,1548,5,5,https://challenge.flood.io/done,236,0,0
2023/03/09 18:20:16.425,231,POST_STEPDONE_/start,302,Found,Thread Group 1-3,text,true,,1131,1967,5,5,https://challenge.flood.io/start,231,0,0
2023/03/09 18:20:16.456,238,GET_STEP5_/step/5,200,OK,Thread Group 1-4,text,true,,2156,1537,5,5,https://challenge.flood.io/step/5,238,0,0
2023/03/09 18:20:16.845,335,GET_STEP3_/step/3,200,OK,Thread Group 1-5,text,true,,3030,1457,5,5,https://challenge.flood.io/step/3,334,0,0
2023/03/09 18:20:17.195,292,POST_STEP4_/start,302,Found,Thread Group 1-5,text,true,,1131,2092,5,5,https://challenge.flood.io/start,292,0,0
2023/03/09 18:20:17.294,235,GET_openStartPage_/,200,OK,Thread Group 1-1,text,true,,3221,696,5,5,https://challenge.flood.io/,235,0,0
2023/03/09 18:20:17.532,260,POST_STEP2_/start,302,Found,Thread Group 1-1,text,true,,1131,1824,5,5,https://challenge.flood.io/start,260,0,0
2023/03/09 18:20:17.818,242,GET_openStartPage_/,200,OK,Thread Group 1-2,text,true,,3221,696,5,5,https://challenge.flood.io/,242,0,0
2023/03/09 18:20:17.888,239,GET_STEPDONE_/done,200,OK,Thread Group 1-3,text,true,,1960,1548,5,5,https://challenge.flood.io/done,239,0,0
2023/03/09 18:20:17.940,245,GET_STEP5_/code,200,OK,Thread Group 1-4,text,true,,1079,1367,5,5,https://challenge.flood.io/code,245,0,0
2023/03/09 18:20:18.063,233,POST_STEP2_/start,302,Found,Thread Group 1-2,text,true,,1131,1826,5,5,https://challenge.flood.io/start,233,0,0
2023/03/09 18:20:18.187,235,POST_STEPDONE_/start,302,Found,Thread Group 1-4,text,true,,1131,1963,5,5,https://challenge.flood.io/start,235,0,0
2023/03/09 18:20:18.623,300,GET_STEP4_/step/4,200,OK,Thread Group 1-5,text,true,,2041,1537,5,5,https://challenge.flood.io/step/4,300,0,0
2023/03/09 18:20:18.926,232,POST_STEP5_/start,302,Found,Thread Group 1-5,text,true,,1131,2269,5,5,https://challenge.flood.io/start,232,0,0
2023/03/09 18:20:18.982,245,GET_STEP2_/step/2,200,OK,Thread Group 1-1,text,true,,2417,1451,5,5,https://challenge.flood.io/step/2,245,0,0
2023/03/09 18:20:19.161,234,GET_STEP5_/step/5,200,OK,Thread Group 1-5,text,true,,2156,1537,5,5,https://challenge.flood.io/step/5,234,0,0
2023/03/09 18:20:19.228,230,POST_STEP3_/start,302,Found,Thread Group 1-1,text,true,,1131,1853,5,5,https://challenge.flood.io/start,230,0,0
2023/03/09 18:20:19.279,239,GET_openStartPage_/,200,OK,Thread Group 1-3,text,true,,3223,696,5,5,https://challenge.flood.io/,239,0,0
2023/03/09 18:20:19.521,230,POST_STEP2_/start,302,Found,Thread Group 1-3,text,true,,1131,1822,5,5,https://challenge.flood.io/start,230,0,0
2023/03/09 18:20:19.557,236,GET_STEP2_/step/2,200,OK,Thread Group 1-2,text,true,,2422,1451,5,5,https://challenge.flood.io/step/2,235,0,0
2023/03/09 18:20:19.622,235,GET_STEPDONE_/done,200,OK,Thread Group 1-4,text,true,,1960,1548,5,5,https://challenge.flood.io/done,234,0,0
2023/03/09 18:20:19.795,237,POST_STEP3_/start,302,Found,Thread Group 1-2,text,true,,1131,1855,5,5,https://challenge.flood.io/start,237,0,0
2023/03/09 18:20:20.583,253,GET_STEP3_/step/3,200,OK,Thread Group 1-1,text,true,,3020,1457,5,5,https://challenge.flood.io/step/3,253,0,0
2023/03/09 18:20:20.624,240,GET_STEP5_/code,200,OK,Thread Group 1-5,text,true,,1079,1367,5,5,https://challenge.flood.io/code,240,0,0
2023/03/09 18:20:20.850,235,POST_STEP4_/start,302,Found,Thread Group 1-1,text,true,,1131,2088,5,5,https://challenge.flood.io/start,235,0,0
2023/03/09 18:20:20.865,275,POST_STEPDONE_/start,302,Found,Thread Group 1-5,text,true,,1131,1969,5,5,https://challenge.flood.io/start,275,0,0
2023/03/09 18:20:20.921,258,GET_STEP2_/step/2,200,OK,Thread Group 1-3,text,true,,2417,1451,5,5,https://challenge.flood.io/step/2,258,0,0
2023/03/09 18:20:21.007,235,GET_openStartPage_/,200,OK,Thread Group 1-4,text,true,,3223,696,5,5,https://challenge.flood.io/,235,0,0
2023/03/09 18:20:21.182,232,POST_STEP3_/start,302,Found,Thread Group 1-3,text,true,,1131,1851,5,5,https://challenge.flood.io/start,232,0,0
2023/03/09 18:20:21.186,242,GET_STEP3_/step/3,200,OK,Thread Group 1-2,text,true,,3037,1457,5,5,https://challenge.flood.io/step/3,242,0,0
2023/03/09 18:20:21.245,233,POST_STEP2_/start,302,Found,Thread Group 1-4,text,true,,1131,1824,5,5,https://challenge.flood.io/start,233,0,0
2023/03/09 18:20:21.443,232,POST_STEP4_/start,302,Found,Thread Group 1-2,text,true,,1131,2090,5,5,https://challenge.flood.io/start,232,0,0
2023/03/09 18:20:22.185,244,GET_STEP4_/step/4,200,OK,Thread Group 1-1,text,true,,2053,1537,5,5,https://challenge.flood.io/step/4,244,0,0
2023/03/09 18:20:22.367,256,GET_STEPDONE_/done,200,OK,Thread Group 1-5,text,true,,1960,1548,5,5,https://challenge.flood.io/done,256,0,0
2023/03/09 18:20:22.431,233,POST_STEP5_/start,302,Found,Thread Group 1-1,text,true,,1131,2265,5,5,https://challenge.flood.io/start,233,0,0
2023/03/09 18:20:22.560,278,GET_STEP3_/step/3,200,OK,Thread Group 1-3,text,true,,3013,1457,5,5,https://challenge.flood.io/step/3,278,0,0
2023/03/09 18:20:22.623,249,GET_STEP2_/step/2,200,OK,Thread Group 1-4,text,true,,2421,1451,5,5,https://challenge.flood.io/step/2,248,0,0
2023/03/09 18:20:22.667,242,GET_STEP5_/step/5,200,OK,Thread Group 1-1,text,true,,2152,1537,5,5,https://challenge.flood.io/step/5,241,0,0
2023/03/09 18:20:22.852,233,POST_STEP4_/start,302,Found,Thread Group 1-3,text,true,,1131,2086,5,5,https://challenge.flood.io/start,233,0,0
2023/03/09 18:20:22.873,235,POST_STEP3_/start,302,Found,Thread Group 1-4,text,true,,1131,1853,5,5,https://challenge.flood.io/start,235,0,0
2023/03/09 18:20:22.894,241,GET_STEP4_/step/4,200,OK,Thread Group 1-2,text,true,,2047,1537,5,5,https://challenge.flood.io/step/4,241,0,0
2023/03/09 18:20:23.137,295,POST_STEP5_/start,302,Found,Thread Group 1-2,text,true,,1131,2267,5,5,https://challenge.flood.io/start,295,0,0
2023/03/09 18:20:23.436,299,GET_STEP5_/step/5,200,OK,Thread Group 1-2,text,true,,2154,1537,5,5,https://challenge.flood.io/step/5,299,0,0
2023/03/09 18:20:23.822,247,GET_openStartPage_/,200,OK,Thread Group 1-5,text,true,,3224,696,5,5,https://challenge.flood.io/,247,0,0
2023/03/09 18:20:24.055,237,GET_STEP5_/code,200,OK,Thread Group 1-1,text,true,,1079,1367,5,5,https://challenge.flood.io/code,237,0,0
2023/03/09 18:20:24.071,232,POST_STEP2_/start,302,Found,Thread Group 1-5,text,true,,1131,1822,5,5,https://challenge.flood.io/start,231,0,0
2023/03/09 18:20:24.164,244,GET_STEP4_/step/4,200,OK,Thread Group 1-3,text,true,,2039,1537,5,5,https://challenge.flood.io/step/4,243,0,0
2023/03/09 18:20:24.244,252,GET_STEP3_/step/3,200,OK,Thread Group 1-4,text,true,,3007,1457,5,5,https://challenge.flood.io/step/3,252,0,0
2023/03/09 18:20:24.294,229,POST_STEPDONE_/start,302,Found,Thread Group 1-1,text,true,,1131,1965,5,5,https://challenge.flood.io/start,229,0,0
2023/03/09 18:20:24.411,231,POST_STEP5_/start,302,Found,Thread Group 1-3,text,true,,1131,2263,5,5,https://challenge.flood.io/start,231,0,0
2023/03/09 18:20:24.512,231,POST_STEP4_/start,302,Found,Thread Group 1-4,text,true,,1131,2088,5,5,https://challenge.flood.io/start,231,0,0
2023/03/09 18:20:24.645,244,GET_STEP5_/step/5,200,OK,Thread Group 1-3,text,true,,2156,1537,5,5,https://challenge.flood.io/step/5,243,0,0
2023/03/09 18:20:24.938,334,GET_STEP5_/code,200,OK,Thread Group 1-2,text,true,,1079,1367,5,5,https://challenge.flood.io/code,333,0,0
2023/03/09 18:20:25.274,233,POST_STEPDONE_/start,302,Found,Thread Group 1-2,text,true,,1131,1967,5,5,https://challenge.flood.io/start,233,0,0
2023/03/09 18:20:25.493,246,GET_STEP2_/step/2,200,OK,Thread Group 1-5,text,true,,2417,1451,5,5,https://challenge.flood.io/step/2,246,0,0
2023/03/09 18:20:25.648,236,GET_STEPDONE_/done,200,OK,Thread Group 1-1,text,true,,1960,1548,5,5,https://challenge.flood.io/done,236,0,0
2023/03/09 18:20:25.741,234,POST_STEP3_/start,302,Found,Thread Group 1-5,text,true,,1131,1851,5,5,https://challenge.flood.io/start,233,0,0
2023/03/09 18:20:25.966,237,GET_STEP4_/step/4,200,OK,Thread Group 1-4,text,true,,2049,1537,5,5,https://challenge.flood.io/step/4,237,0,0
2023/03/09 18:20:26.025,231,GET_STEP5_/code,200,OK,Thread Group 1-3,text,true,,1079,1367,5,5,https://challenge.flood.io/code,231,0,0
2023/03/09 18:20:26.205,234,POST_STEP5_/start,302,Found,Thread Group 1-4,text,true,,1131,2265,5,5,https://challenge.flood.io/start,234,0,0
2023/03/09 18:20:26.258,240,POST_STEPDONE_/start,302,Found,Thread Group 1-3,text,true,,1131,1963,5,5,https://challenge.flood.io/start,240,0,0
2023/03/09 18:20:26.442,239,GET_STEP5_/step/5,200,OK,Thread Group 1-4,text,true,,2153,1537,5,5,https://challenge.flood.io/step/5,238,0,0
2023/03/09 18:20:26.699,305,GET_STEPDONE_/done,200,OK,Thread Group 1-2,text,true,,1960,1548,5,5,https://challenge.flood.io/done,305,0,0
2023/03/09 18:20:26.995,246,GET_openStartPage_/,200,OK,Thread Group 1-1,text,true,,3220,696,5,5,https://challenge.flood.io/,246,0,0
2023/03/09 18:20:27.203,243,GET_STEP3_/step/3,200,OK,Thread Group 1-5,text,true,,3030,1457,5,5,https://challenge.flood.io/step/3,242,0,0
2023/03/09 18:20:27.243,231,POST_STEP2_/start,302,Found,Thread Group 1-1,text,true,,1131,1832,5,5,https://challenge.flood.io/start,231,0,0
2023/03/09 18:20:27.460,267,POST_STEP4_/start,302,Found,Thread Group 1-5,text,true,,1131,2086,5,5,https://challenge.flood.io/start,267,0,0
2023/03/09 18:20:27.785,235,GET_STEPDONE_/done,200,OK,Thread Group 1-3,text,true,,1960,1548,5,5,https://challenge.flood.io/done,235,0,0
2023/03/09 18:20:27.843,230,GET_STEP5_/code,200,OK,Thread Group 1-4,text,true,,1079,1367,5,5,https://challenge.flood.io/code,230,0,0
2023/03/09 18:20:28.075,232,POST_STEPDONE_/start,302,Found,Thread Group 1-4,text,true,,1131,1965,5,5,https://challenge.flood.io/start,232,0,0
2023/03/09 18:20:28.254,236,GET_openStartPage_/,200,OK,Thread Group 1-2,text,true,,3223,696,5,5,https://challenge.flood.io/,236,0,0
2023/03/09 18:20:28.492,236,POST_STEP2_/start,302,Found,Thread Group 1-2,text,true,,1131,1824,5,5,https://challenge.flood.io/start,235,0,0
2023/03/09 18:20:28.581,235,GET_STEP2_/step/2,200,OK,Thread Group 1-1,text,true,,2418,1451,5,5,https://challenge.flood.io/step/2,234,0,0
2023/03/09 18:20:28.817,230,POST_STEP3_/start,302,Found,Thread Group 1-1,text,true,,1131,1861,5,5,https://challenge.flood.io/start,230,0,0
2023/03/09 18:20:29.024,237,GET_STEP4_/step/4,200,OK,Thread Group 1-5,text,true,,2045,1537,5,5,https://challenge.flood.io/step/4,237,0,0
2023/03/09 18:20:29.262,230,POST_STEP5_/start,302,Found,Thread Group 1-5,text,true,,1131,2263,5,5,https://challenge.flood.io/start,230,0,0
2023/03/09 18:20:29.380,233,GET_openStartPage_/,200,OK,Thread Group 1-3,text,true,,3224,696,5,5,https://challenge.flood.io/,233,0,0
2023/03/09 18:20:29.495,235,GET_STEP5_/step/5,200,OK,Thread Group 1-5,text,true,,2156,1537,5,5,https://challenge.flood.io/step/5,235,0,0
2023/03/09 18:20:29.527,234,GET_STEPDONE_/done,200,OK,Thread Group 1-4,text,true,,1960,1548,5,5,https://challenge.flood.io/done,234,0,0
2023/03/09 18:20:29.616,231,POST_STEP2_/start,302,Found,Thread Group 1-3,text,true,,1131,1826,5,5,https://challenge.flood.io/start,231,0,0
2023/03/09 18:20:29.975,256,GET_STEP2_/step/2,200,OK,Thread Group 1-2,text,true,,2415,1451,5,5,https://challenge.flood.io/step/2,256,0,0
2023/03/09 18:20:30.234,239,POST_STEP3_/start,302,Found,Thread Group 1-2,text,true,,1131,1853,5,5,https://challenge.flood.io/start,239,0,0
2023/03/09 18:20:30.212,257,GET_STEP3_/step/3,200,OK,Thread Group 1-1,text,true,,3035,1457,5,5,https://challenge.flood.io/step/3,257,0,0
2023/03/09 18:20:30.476,325,POST_STEP4_/start,302,Found,Thread Group 1-1,text,true,,1131,2096,5,5,https://challenge.flood.io/start,325,0,0
2023/03/09 18:20:30.958,236,GET_openStartPage_/,200,OK,Thread Group 1-4,text,true,,3207,696,5,5,https://challenge.flood.io/,235,0,0
2023/03/09 18:20:30.985,234,GET_STEP5_/code,200,OK,Thread Group 1-5,text,true,,1079,1367,5,5,https://challenge.flood.io/code,234,0,0
2023/03/09 18:20:31.041,249,GET_STEP2_/step/2,200,OK,Thread Group 1-3,text,true,,2424,1451,5,5,https://challenge.flood.io/step/2,248,0,0
2023/03/09 18:20:31.196,230,POST_STEP2_/start,302,Found,Thread Group 1-4,text,true,,1131,1804,5,5,https://challenge.flood.io/start,230,0,0
2023/03/09 18:20:31.221,236,POST_STEPDONE_/start,302,Found,Thread Group 1-5,text,true,,1131,1963,5,5,https://challenge.flood.io/start,236,0,0
2023/03/09 18:20:31.291,234,POST_STEP3_/start,302,Found,Thread Group 1-3,text,true,,1131,1855,4,4,https://challenge.flood.io/start,234,0,0
2023/03/09 18:20:31.663,241,GET_STEP3_/step/3,200,OK,Thread Group 1-2,text,true,,3035,1457,3,3,https://challenge.flood.io/step/3,240,0,0
2023/03/09 18:20:31.917,238,POST_STEP4_/start,302,Found,Thread Group 1-2,text,true,,1131,2088,3,3,https://challenge.flood.io/start,237,0,0
2023/03/09 18:20:31.993,240,GET_STEP4_/step/4,200,OK,Thread Group 1-1,text,true,,2044,1537,2,2,https://challenge.flood.io/step/4,240,0,0
2023/03/09 18:20:32.235,231,POST_STEP5_/start,302,Found,Thread Group 1-1,text,true,,1131,2273,2,2,https://challenge.flood.io/start,231,0,0
2023/03/09 18:20:32.469,253,GET_STEP5_/step/5,200,OK,Thread Group 1-1,text,true,,2156,1537,2,2,https://challenge.flood.io/step/5,253,0,0
2023/03/09 18:20:32.589,236,GET_STEP2_/step/2,200,OK,Thread Group 1-4,text,true,,2425,1431,1,1,https://challenge.flood.io/step/2,236,0,0
